{
	"info": {
		"_postman_id": "808393f8-4fe0-49ce-b040-638f73358aed",
		"name": "CRUD_CLIENTES_EJEMPLO",
		"schema": "https://schema.getpostman.com/json/collection/v2.1.0/collection.json"
	},
	"item": [
		{
			"name": "DOCKERIZAR_CRUD_CLIENTES",
			"item": [
				{
					"name": "GET_CLIENTES",
					"protocolProfileBehavior": {
						"disableBodyPruning": true
					},
					"request": {
						"method": "GET",
						"header": [],
						"body": {
							"mode": "raw",
							"raw": "  {\n        \"id\": 10,\n        \"nombre\": \"Carlitros\",\n        \"apellidos\": \"GS\"\n    }",
							"options": {
								"raw": {
									"language": "json"
								}
							}
						},
						"url": {
							"raw": "localhost:80/cliente/",
							"host": [
								"localhost"
							],
							"port": "80",
							"path": [
								"cliente",
								""
							]
						}
					},
					"response": []
				},
				{
					"name": "GUARDAR_CLIENTE",
					"request": {
						"method": "POST",
						"header": [],
						"body": {
							"mode": "raw",
							"raw": "  {\n         \"id\": 12,\n        \"nombre\": \"FulanO\",\n        \"apellidos\": \"TAL\"\n    }",
							"options": {
								"raw": {
									"language": "json"
								}
							}
						},
						"url": {
							"raw": "localhost:8081/clientes/",
							"host": [
								"localhost"
							],
							"port": "8081",
							"path": [
								"clientes",
								""
							]
						}
					},
					"response": []
				},
				{
					"name": "GET_CLIENTE_BY_ID",
					"request": {
						"method": "GET",
						"header": [],
						"url": {
							"raw": "localhost:8081/clientes/1",
							"host": [
								"localhost"
							],
							"port": "8081",
							"path": [
								"clientes",
								"1"
							]
						}
					},
					"response": []
				},
				{
					"name": "ACTUALIZAR_CLIENTE",
					"request": {
						"method": "PUT",
						"header": [],
						"body": {
							"mode": "raw",
							"raw": "{\n    \"id\": 1,\n    \"nombre\": \"Ruben\",\n    \"apellidos\": \"LaMdaS Escudero\"\n}",
							"options": {
								"raw": {
									"language": "json"
								}
							}
						},
						"url": {
							"raw": "localhost:8081/clientes/1",
							"host": [
								"localhost"
							],
							"port": "8081",
							"path": [
								"clientes",
								"1"
							]
						}
					},
					"response": []
				}
			]
		}
	]
}